pos,Far
posY,FarY
stone,Radar
Radius,Attack
stoneRadius,RadarAttack
delay,Tinge
Time,Fast
delayTime,TingeFast
move,Tint
moveTime,TintFast
moving,Income
Flog,Ruin
movingFlog,IncomeRuin
Seq,Fin
movingSeq,IncomeFin
Newrove,Utility
Oldtop,Fringe
Slot,Crab
Obstruction,Absenteeism
Slot_Obstruction,Crab_Absenteeism
Slot_Obstruction_1,Crab_Absenteeism_1
Slot_Obstruction_2,Crab_Absenteeism_2
Bottom,Disuse
Slot_Bottom_1,Crab_Disuse_1
Top,Mob
SlotTop,CrabMob
Plane,Apart
Image,Honey
Arrow,Harem
Pusher,Reveal
mat,Pit
Pusher_mat,Reveal_Pit
Bottom_mat,Disuse_Pit
Hold,Tail
Hold_mat,Tail_Pit
material,Register
Id,Go
materialId,RegisterGo
scroll,Manure
Speed,Crime
scrollSpeedX,ManureCrimeX
scrollSpeedY,ManureCrimeY
rend,Such
boxgroup,Railroad
Need,Site
Delete,Grower
NeedDelete,SiteGrower
is,We
Test,Coil
isTest,WeCoil
Keys,Spot
CHANNEL,CHANNEL
ID,ID
CHANNEL_ID,CHANNEL_ID
url,Oft
Scheme,Boomer
urlScheme,OftBoomer
pool,Crew
prefab,Thirty
Parent,Quench
prefabParent,ThirtyQuench
object,Closet
Name,Claw
objectName,ClosetClaw
hand,Heel
Img,Red
handImg,HeelRed
step,Beam
Btn,Few
step1Btn,Beam1Few
step2Btn,Beam2Few
step3Btn,Beam3Few
step4Btn,Beam4Few
cash,Flap
Mask,Mite
Obj,Gel
cashMaskObj,FlapMiteGel
gold,Slow
goldImg,SlowRed
cashImg,FlapRed
amazon,Magnet
amazonImg,MagnetRed
roll,Boss
Cash,Such
rollCashImg,BossCashRed
reward,Sierra
Num,Bed
Text,Cent
rewardNumText,SierraBedCent
Type,Fist
rewardType,SierraFist
rewardNum,SierraBed
Init,Tire
Group,Creep
InitGroup,TireCreep
template,District
Multi,Drive
Object,Outlet
templateMultiObject,DistrictDriveOutlet
item,Pick
Width,Light
itemWidth,PickLight
progress,Director
progressImg,DirectorRed
fever,Trash
Limit,Pylon
feverLimit,TrashPylon
feverTime,TrashFast
current,Surmise
currentTime,SurmiseFast
Ball,Life
currentBall,SurmiseLife
Fever,Tenth
isFeverTime,WeTenthFast
start,Loess
startCash,LoessSuch
end,Sac
endCash,SacSuch
pass,Them
passFeverTime,ThemTenthFast
push,Stem
pushObj,StemGel
slot,Pest
slotObj,PestGel
game,Host
Lock,Only
gameLock,HostOnly
isLock,WeOnly
skill,Draft
Wall,Lake
skillWall,DraftLake
Long,Fall
skillLong,DraftFall
Coin,Kind
cashCoinObj,FlapKindGel
skillLongText,DraftFallCent
skillWallText,DraftLakeCent
slotNumText,PestBedCent
cashCoinNumText,FlapKindBedCent
skillWallTime,DraftLakeFast
skillLongTime,DraftFallFast
cashCoinTime,FlapKindFast
Flag,Must
slotFlag,PestMust
currentBallNum,SurmiseLifeBed
ball,Luce
ballLimit,LucePylon
multiball,Foodstuff
Cd,It
multiballCd,FoodstuffIt
passFlag,ThemMust
cd,Go
cdTime,cdFast
steel,Lease
steelBallLock,LeaseLifeOnly
coin,Gulf
Pagoda,Common
Perfab,Tablet
coinPagodaPerfab,GulfCommonTablet
block,Table
Action,Enough
blockAction,TableEnough
First,Bloom
isFirst,WeBloom
fx,Ox
Poolgroup,Shrinkage
fx_Poolgroup,Ox_Shrinkage
fx_Poolgroup_1,Ox_Shrinkage_1
text,Lade
text_Poolgroup,Lade_Shrinkage
Box,Peg
slotBox,PestPeg
skillWallGroup,DraftLakeCreep
Creater,Finnish
ballCreater,LuceFinnish
pushSeq,StemFin
slotBoxSeq,PestPegFin
normal,Prompt
normalLong,PromptFall
add,Gel
addLong,addFall
Move,Herb
pushMoveTime,StemHerbFast
Interval,Smoothly
pushInterval,StemSmoothly
Push,Jury
feverPushMoveTime,TrashJuryHerbFast
feverPushInterval,TrashJurySmoothly
All,Dot
pushAll,StemDot
init,Peal
z,z
init_z,Peal_z
In,On
Add,Yew
isInAddLong,WeOnYewFall
addLongTime,GelFallFast
Up,So
isInWallUp,WeOnLakeSo
wall,Heed
wallUpTime,HeedSoFast
isPushAll,WeJuryDot
Finish,Expose
pushAllFinish,StemDotExpose
Count,Pupil
slotCount,PestPupil
isSlotFlag,WeCrabMust
velocity,Computer
slotGroup,PestCreep
slotGroup01,PestCreep01
slotGroup02,PestCreep02
slotGroup03,PestCreep03
in,No
Little,Locale
Game,Utah
inLittleGame,NoLocaleUtah
Data,Hall
slotObjData,PestGelHall
music,Cliff
musicFlag,CliffMust
Pass,Pest
isPass,WePass
slotSeq,PestFin
Big,Tin
Win,Vas
BigWin,TinVas
Cash_1,Such_1
Cash_2,Such_2
Cash_3,Such_3
Skill,Court
SkillWall,CourtLake
SkillBigCoin,CourtTinKind
SkillLong,CourtFall
Gem,Tie
Blue,Even
GemBlue,TieEven
Red,Zoo
GemRed,TieZoo
Diamond,Heroism
GemDiamond,TieHeroism
Golden,Concur
base,Maya
baseSlotObj,MayaCrabGel
List,Germ
slotObjList,PestGelGerm
rewardObjList,SierraGelGerm
max,Alp
Index,Peart
maxIndex,AlpPeart
rewardIndex,SierraPeart
big,Lys
Anim,Fair
bigWinBGAnim,LysVasBGFair
Word,Doom
bigWinWordAnim,LysVasDoomFair
get,Era
More,Tilt
getMoreBtn,EraTiltFew
getBtn,EraFew
ad,It
adImg,adRed
getBtnText,EraFewCent
rewardText,SierraCent
bigWinType,LysVasFist
event,Adorn
eventType,AdornFist
goldBtn,SlowFew
cashBtn,FlapFew
amazonBtn,MagnetFew
coinImg,GulfRed
ballImg,LuceRed
Bar,Rod
cashBar,FlapRod
coinBar,GulfRod
amazonBar,MagnetRod
ballBar,LuceRod
Normal,Demise
Window,Hugely
NormalWindow,DemiseHugely
PassWindow,PestHugely
newgold,Crevice
newgoldBtn,CreviceFew
Exchange,Cuspidor
ExchangeBar,CuspidorRod
ExchangeNumText,CuspidorBedCent
New,Rub
Setting,Unclear
NewSettingBtn,RubUnclearFew
Gold,Neon
NewGoldNumText,RubNeonBedCent
goldNumText,SlowBedCent
cashNumText,FlapBedCent
amazonNumText,MagnetBedCent
ballNumText,LuceBedCent
setting,Gazette
settingBtn,GazetteFew
gems,Twig
Store,Caput
gemsStoreBtn,TwigCaputFew
test,Stun
testBtn,StunFew
fly,All
Controller,Delectable
flyBoxController,AllPegDelectable
close,Chain
closeBtn,ChainFew
obj,Rim
objList,RimGerm
gem,Job
gemDataList,JobHallGerm
slider,Unwell
sliderImage,UnwellHoney
Slider,Employ
PassSliderImage,PestEmployHoney
progressText,DirectorCent
title,Space
titleAnim,SpaceFair
async,Sleep
Load,Feel
asyncLoad,SleepFeel
gamebg,Colony
passbg,Choice
Old,Lys
OldPass,OldPest
NewPass,RubPest
titleObj,SpaceGel
Enter,Metal
EnterBtn,MetalFew
progressObj,DirectorGel
lucky,Coral
Card,Deed
luckyCardList,CoralDeedGerm
select,Impend
selectObjList,ImpendGelGerm
Map,Hay
rewardMap,SierraHay
luckyObjDataList,CoralGelHallGerm
Over,Deer
isOver,WeDeer
on,Ox
Thanks,Launch
Weight,French
onThanksWeight,onLaunchFrench
this,Gift
thisCount,GiftPupil
win,Lip
Max,Vie
winMaxCount,LipViePupil
Reward,Sunlit
getRewardBtn,EraSunlitFew
ExchangeBtn,CuspidorFew
No,We
NoExchangeBtn,NoCuspidorFew
ballNum,LuceBed
NeedNum,SiteBed
need,Corn
needNum,CornBed
GoldBtn,NeonFew
needGoldNum,CornNeonBed
musicBtn,CliffFew
sound,Group
soundBtn,GroupFew
vibration,Tradition
vibrationBtn,TraditionFew
On,He
musicOn,CliffHe
Off,Any
musicOff,CliffAny
soundOn,GroupHe
soundOff,GroupAny
vibrationOn,TraditionHe
vibrationOff,TraditionAny
Key,Far
vibrationKey,TraditionKey
normalSlot,PromptCrab
Pop,Pay
rewardPop,SierraPay
rewardPop01,SierraPay01
rewardPop02,SierraPay02
rewardPop03,SierraPay03
param,Rayon
param2,Rayon2
param3,Rayon3
Stars,Pitch
star,Wolf
Sprite,Humble
star1Sprite,Wolf1Humble
star2Sprite,Wolf2Humble
target,Rainer
targetCard,RainerDeed
main,Line
mainCard,LineDeed
card,Lung
Less,Know
Progress,Squirrel
cardLessProgress,LungKnowSquirrel
targetNum,RainerBed
targetNum01,RainerBed01
targetNum02,RainerBed02
mainCardObjList,LineDeedGelGerm
targetCardFlag,RainerDeedMust
mainCardFlag,LineDeedMust
scratch,Ghostly
scratchWinMaxCount,GhostlyVasViePupil
thisWinCount,GiftVasPupil
targetNumList,RainerBedGerm
targetObj,RainerGel
Current,Ghostly
CurrentRadius,CurrentAttack
Target,Ravage
TargetRadius,RavageAttack
shrink,Rubble
shrinkTime,RubbleFast
Penetrate,Carnation
eventPenetrate,AdornCarnation
Velocity,Convince
shrinkVelocity,RubbleConvince
weight,Dapple
num,Fox
reward_num,Sierra_Fox
targetImage,RainerHoney
Rect,Drop
targetRect,RainerDrop
padding,Conduct
Offset,Reduce
targetOffsetX,RainerReduceX
targetOffsetY,RainerReduceY
Canvas,Church
targetCanvas,RainerChurch
mask,Fair
maskRect,maskDrop
currentOffsetX,SurmiseReduceX
currentOffsetY,SurmiseReduceY
Pos,Eon
targetPosX,RainerEonX
targetPosY,RainerEonY
shrinkVelocityX,RubbleConvinceX
shrinkVelocityY,RubbleConvinceY
use,Lug
useTargetObj,LugRavageGel
Audio,Scent
Mgr,Jaw
AudioMgr,ScentJaw
Component,Reexamine
Queue,Plain
AudioComponentQueue,ScentReexaminePlain
MaxCount,ViePupil
AudioQueue,ScentPlain
m,m
bg,So
Music,Offer
bgMusic,bgOffer
m_bgMusic,m_bgOffer
Play,Bill
Source,Kernel
PlayAudioSourceList,BillScentKernelGerm
Check,Scant
CheckInterval,ScantSmoothly
Bg,By
Switch,Relate
BgMusicSwitch,ByOfferRelate
_BgMusicSwitch,_ByOfferRelate
Effect,Purify
EffectMusicSwitch,PurifyOfferRelate
_EffectMusicSwitch,_PurifyOfferRelate
Volume,Unbind
BgVolume,ByUnbind
_BgVolume,_ByUnbind
EffectVolume,PurifyUnbind
_EffectVolume,_PurifyUnbind
BGM,BGM
BGM_Name,BGM_Claw
Dict,Foil
AudioSettingDict,ScentUnclearFoil
Clip,Vast
AudioClipDict,ScentVastFoil
effect,Bronze
effectNameGroup,BronzeClawCreep
Round,Trait
Digits,Season
RoundDigits,TraitSeason
frames,Expend
framerate,Attentive
ignore,Behind
Scale,Slime
ignoreTimeScale,BehindFastSlime
loop,Main
curve,Rivet
image,Fancy
sprite,Agency
Renderer,Automate
spriteRenderer,AgencyAutomate
Frame,Eager
currentFrameIndex,SurmiseEagerPeart
timer,Steer
Framerate,Supremely
currentFramerate,SurmiseSupremely
Target_Type,Ravage_Fist
Layout,Uproot
Layout_Type,Uproot_Fist
Run,Bis
Run_Time,Bis_Fast
Number,Disuse
Layout_Number,Uproot_Number
adjust,Voyage
adjustID,VoyageID
sv,If
Just,Goal
ADJustInitType,ADGoalTireFist
sv_ADJustInitType,If_ADGoalTireFist
ADJustTime,ADGoalFast
sv_ADJustTime,If_ADGoalFast
MAX,MAX
SDK,SDK
KEY,KEY
MAX_SDK_KEY,MAX_SDK_KEY
REWARD,REWARD
MAX_REWARD_ID,MAX_REWARD_ID
INTER,INTER
MAX_INTER_ID,MAX_INTER_ID
retry,Swamp
Attempt,Discuss
retryAttempt,SwampDiscuss
Showing,Anxious
Ad,My
isShowingAd,WeAnxiousMy
Network,Predate
rewardNetworkName,SierraPredateClaw
Call,Kier
Back,Rear
rewardCallBackAction,SierraKierRearEnough
Success,Slander
rewardSuccess,SierraSlander
interstitial,Fruitfulness
interstitialNetworkName,FruitfulnessPredateClaw
interstitialType,FruitfulnessFist
interstitialIndex,FruitfulnessPeart
Playing,Overrun
Callbacks,Interlock
adPlayingCallbacks,ItOverrunInterlock
application,Geometrical
Pause,Decay
Timestamp,Excursion
applicationPauseTimestamp,GeometricalDecayExcursion
Custom,Rarity
RewardAdCustomData,SunlitMyRarityHall
Interstitial,Helplessness
InterstitialAdCustomData,HelplessnessMyRarityHall
dictionary,Physically
Message,Correct
dictionaryMessage,PhysicallyCorrect
value,Cloth
Bool,Shop
valueBool,ClothShop
valueBool2,ClothShop2
Int,Sow
valueInt,ClothSow
valueInt2,ClothSow2
valueInt3,ClothSow3
Float,Bylaw
valueFloat,ClothBylaw
valueFloat2,ClothBylaw2
Double,Indigo
valueDouble,ClothIndigo
valueDouble2,ClothIndigo2
String,Carpet
valueString,ClothCarpet
valueString2,ClothCarpet2
valueGameObject,ClothUtahOutlet
valueGameObject2,ClothUtahOutlet2
valueGameObject3,ClothUtahOutlet3
valueGameObject4,ClothUtahOutlet4
Transform,Political
valueTransform,ClothPolitical
valueStringList,ClothCarpetGerm
Vec,Nss
valueVec,ClothNss
valueVec2List,ClothNss2Germ
valueIntList,ClothSowGerm
message,Concise
messageCallBack,ConciseKierRear
vec,Cue
vec2_1,Cue2_1
vec2_2,Cue2_2
Login,Grant
Url,Sum
LoginUrl,GrantSum
Config,Scream
ConfigUrl,ScreamSum
TimeUrl,FastSum
Adjust,Cosmos
AdjustUrl,CosmosSum
sys,Pig
language,Masthead
sys_language,Pig_Masthead
App,Buy
AppSH,BuySH
sys_AppSH,Pig_BuySH
Is,He
IsInitData,IsTireHall
sv_IsInitData,If_IsTireHall
sv_big_win_cash,If_Lys_Lip_Flap
msg,Ask
panel,Brawl
and,Toe
msg_close_panel_and_start,Ask_Chain_Brawl_Toe_Loess
time,Rust
sv_fever_time_current,If_Trash_Rust_Surmise
finish,Rancho
new,Fly
user,Wipe
guide,Panel
sv_finish_new_user_guide,If_Rancho_Fly_Wipe_Panel
bigwin,Period
multi,Plank
sv_bigwin_weight_multi,If_Period_Dapple_Plank
Local,Grape
User,Tilt
LocalUserId,GrapeUserGo
sv_LocalUserId,If_GrapeUserGo
Server,Source
LocalServerId,GrapeSourceGo
sv_LocalServerId,If_GrapeSourceGo
Player,Obtain
IsNewPlayer,HeRubObtain
sv_IsNewPlayer,If_HeRubObtain
Daily,Aloft
Bouns,South
Get,Yew
DailyBounsGetCount,AloftSouthGetPupil
sv_DailyBounsGetCount,If_AloftSouthGetPupil
Date,Pork
DailyBounsDate,AloftSouthPork
sv_DailyBounsDate,If_AloftSouthPork
Step,Suck
NewUserStep,RubTiltSuck
sv_NewUserStep,If_RubTiltSuck
GoldCoin,NeonKind
sv_GoldCoin,If_NeonKind
Cumulative,Permanence
CumulativeGoldCoin,PermanenceNeonKind
sv_CumulativeGoldCoin,If_PermanenceNeonKind
sv_Cash,If_Such
CumulativeCash,PermanenceSuch
sv_CumulativeCash,If_PermanenceSuch
Amazon,Either
sv_Amazon,If_Either
CumulativeAmazon,PermanenceEither
sv_CumulativeAmazon,If_PermanenceEither
sv_steel_ball_num,If_Lease_Luce_Fox
CumulativeBall,PermanenceLife
sv_CumulativeBall,If_PermanenceLife
date,Have
sv_steel_ball_date,If_Lease_Luce_Have
Total,Agree
TotalGameTime,AgreeUtahFast
sv_TotalGameTime,If_AgreeUtahFast
Token,Pearl
FirstGetToken,BloomYewPearl
sv_FirstGetToken,If_BloomYewPearl
Has,Gut
Show,Sink
Rate,Diva
Panel,Score
HasShowRatePanel,GutSinkDivaScore
sv_HasShowRatePanel,If_GutSinkDivaScore
Lottery,Connect
CumulativeLottery,PermanenceConnect
sv_CumulativeLottery,If_PermanenceConnect
Already,Seafood
Levels,Plunge
AlreadyPassLevels,SeafoodPestPlunge
sv_AlreadyPassLevels,If_SeafoodPestPlunge
NewUserStepFinish,RubTiltSuckExpose
sv_NewUserStepFinish,If_RubTiltSuckExpose
task,Lion
level,Awful
count,Giant
sv_task_level_count,If_Lion_Awful_Giant
FirstSlot,BloomCrab
sv_FirstSlot,If_BloomCrab
Adid,Edge
AdjustAdid,CosmosEdge
sv_AdjustAdid,If_CosmosEdge
trial,Fancy
sv_ad_trial_num,If_It_trial_Fox
total,Dutch
sv_total_ad_num,If_Dutch_It_Fox
first,Loess
bing,Roam
sv_first_bing_win_777,If_first_Roam_Lip_777
sv_first_bing_win_reward,If_Loess_Roam_Lip_Sierra
show,Hero
msg_show_cash_mask,Ask_Hero_Flap_Fair
fiy,Ere
box,Ant
sv_start_fiy_box,If_Loess_Ere_Ant
out,Shy
sv_first_cash_out,If_Loess_Flap_Shy
rate,Tine
us,It
msg_show_rate_us,Ask_Hero_Tine_us
again,Aloof
sv_first_slot_again,If_Loess_Pest_Aloof
id,To
sv_normal_win_ad_id,If_Prompt_Lip_It_To
type,Stir
sv_normal_win_type,If_Prompt_Lip_Stir
sv_gems_type,If_Twig_Stir
nofirst,Mislead
sv_nofirst_add_ball,If_Mislead_Gel_Luce
mg,So
Open,Down
WindowOpen,HugelyDown
mg_WindowOpen,mg_HugelyDown
Close,Piano
WindowClose,HugelyPiano
mg_WindowClose,So_HugelyPiano
ui,If
levelcomplete,Hydroelectric
mg_ui_levelcomplete,So_ui_Hydroelectric
addgold,Compare
mg_ui_addgold,So_If_Compare
addtoken,Freezing
mg_ui_addtoken,So_If_Freezing
addamazon,Prevalent
mg_ui_addamazon,So_If_Prevalent
Suspend,Channel
GameSuspend,UtahChannel
mg_GameSuspend,So_UtahChannel
path,Epic
path_GoldCoin_Sprite,Epic_NeonKind_Humble
Dimond,Eighty
path_Token_Sprite_Dimond,Epic_Pearl_Humble_Eighty
Gem_Blue,Tie_Even
Gem_Red,Tie_Zoo
Gem_Diamond,Tie_Heroism
Gem_Golden,Tie_Concur
Tex,Ail
Tex_10,Ail_10
Tex_8,Ail_8
BoxCount,PegPupil
Out,Way
CashOut,SuchWay
CashOut_Data,SuchWay_Hall
TIMEOUT,TIMEOUT
Base,Last
BaseUrl,LastSum
BaseLoginUrl,LastGrantSum
BaseConfigUrl,LastScreamSum
BaseTimeUrl,LastFastSum
BaseAdjustUrl,LastCosmosSum
Code,Tone
GameCode,UtahTone
From,Sort
DataFrom,HallSort
Channel,Legally
country,Restore
ConfigData,ScreamHall
InitData,TireHall
GameData,UtahHall
Manager,Wrapper
adManager,ItWrapper
gaid,Hiss
aid,Ere
idfa,Tray
ready,Study
ready_count,Study_Giant
CheckCount,ScantPupil
Event,Bulge
Tracker,Surpass
TrackerName,SurpassClaw
Event_TrackerName,Bulge_SurpassClaw
Ok,Ax
CheckOk,ScantAx
_CheckOk,_ScantAx
Str,Lap
UserDataStr,TiltHallLap
UserData,TiltHall
Info,Hour
GetUserInfoCount,YewTiltHourPupil
GetSuccess,YewSlander
Fail,Chip
GetFail,YewChip
DEFAULT,DEFAULT
DEFAULT_TIMEOUT,DEFAULT_TIMEOUT
RETRY,RETRY
COUNT,COUNT
MAX_RETRY_COUNT,MAX_RETRY_COUNT
INTERVAL,INTERVAL
RETRY_INTERVAL,RETRY_INTERVAL
request,Fatigue
Tasks,Title
requestTasks,FatigueTitle
Net,Mud
Work,Fail
NetWorkGetList,MudFailYewGerm
Post,Dale
NetWorkPostList,MudFailDaleGerm
URL,URL
Form,Arid
PostSuccess,DaleSlander
PostFail,DaleChip
Pool,Tomb
PoolQueue,TombPlain
m_PoolQueue,m_TombPlain
PoolName,TombClaw
m_PoolName,m_TombClaw
m_Parent,m_Quench
m_MaxCount,m_ViePupil
Default,Fresher
DefaultMaxCount,FresherViePupil
m_DefaultMaxCount,m_FresherViePupil
Dic,Log
PoolDic,TombLog
m_PoolDic,m_TombLog
Root,Duke
RootTransform,DukePolitical
m_RootTransform,m_DukePolitical
Toast,Cedar
ToastText,CedarCent
Start,Alone
Refresh,Genetic
needStartRefresh,CornAloneGenetic
Adjust_TrackerName,Cosmos_SurpassClaw
Save,Toil
AP,AP
Save_AP,Toil_AP
Mode,Keel
NormalModeName,DemiseKeelClaw
Distances,Intervene
Reason,Attire
Log,Icy
StepLog,SuckIcy
flyBox,AllPeg
timeInterval,RustSmoothly
_timeInterval,_RustSmoothly
_currentTime,_SurmiseFast
isOnFlag,WeHeMust
boxImg,AntRed
boxBtn,AntFew
bubble,Facade
Gif,Bit
bubbleGifImage,FacadeBitHoney
seq,Boy
_seq1,_Boy1
_seq2,_Boy2
imageList,FancyGerm
speen,Pylon
btn,Egg
btnBgY,EggByY
silver,People
silverImg,PeopleRed
blue,Slab
blueImg,SlabRed
yellow,Slider
yellowImg,SliderRed
goldBarImg,SlowRodRed
sliderProgress,UnwellSquirrel
gemsNum,TwigBed
maxNum,AlpBed
currentNum,SurmiseBed
Item,Gate
gemsDataItem,TwigHallGate
thisGemType,GiftTieFist
bgGold,SoNeon
Silver,Scrape
bgSilver,SoScrape
bgTop,SoMob
over,Rake
overImg,RakeRed
BG,BG
fx_Open,Ox_Down
circle,Walnut
circleImg,WalnutRed
mainNumText,LineBedCent
mainNum,LineBed
scratchObjData,GhostlyGelHall
Shoot,Score
Point,Hairy
ShootPoint,ShootHairy
ballPerfab,LuceTablet
rotate,Mammal
rotateSeq,MammalFin
column,Jungle
columnPerfab,JungleTablet
columnList,JungleGerm
FX,FX
Light,Peace
FX_Light,FX_Peace
index,Shock
countImage,GiantHoney
drop,Pest
dropCount,dropPupil
can,Aid
Haptic,Monoid
canHaptic,AidMonoid
shoot,Fetus
shootPoint,FetusHairy
ballPanel,LuceScore
plate,Tower
plateWidth,TowerLight
all,Oat
allWidth,OatLight
allBoxList,OatPegGerm
ballPool,LuceTomb
touch,Relax
touchLock,RelaxOnly
Button,Handle
CloseButton,PianoHandle
AdjustAdidText,CosmosEdgeCent
ServerIdText,SourceGoCent
Act,Ail
Counter,Dynasty
ActCounterText,ActDynastyCent
AdjustTypeText,CosmosFistCent
Reset,Nylon
ResetActCountButton,NylonAilPupilHandle
AddActCountButton,YewAilPupilHandle
Last,Pray
LastPlayTimeCounterText,PrayBillFastDynastyCent
Counter101Text,Dynasty101Cent
Counter102Text,Dynasty102Cent
Counter103Text,Dynasty103Cent
Trial,Loose
TrialNumText,LooseBedCent
Rewarded,Appetite
PlayRewardedAdButton,BillAppetiteMyHandle
PlayInterstitialAdButton,BillHelplessnessMyHandle
NoThanksButton,WeLaunchHandle
TrialNumButton,LooseBedHandle
TimeInterstitialText,FastHelplessnessCent
PauseTimeInterstitialButton,DecayFastHelplessnessHandle
Resume,Invent
ResumeTimeInterstitialButton,InventFastHelplessnessHandle
AppSetting,BuyUnclear
_AppSetting,_BuyUnclear
SYS,SYS
PATH,PATH
CANVAS,CANVAS
SYS_PATH_CANVAS,SYS_PATH_CANVAS
UIFORMS,UIFORMS
CONFIG,CONFIG
INFO,INFO
SYS_PATH_UIFORMS_CONFIG_INFO,SYS_PATH_UIFORMS_CONFIG_INFO
TAG,TAG
SYS_TAG_CANVAS,SYS_TAG_CANVAS
NORMAL,NORMAL
NODE,NODE
SYS_NORMAL_NODE,SYS_NORMAL_NODE
FIXED,FIXED
SYS_FIXED_NODE,SYS_FIXED_NODE
POPUP,POPUP
SYS_POPUP_NODE,SYS_POPUP_NODE
TOP,TOP
SYS_TOP_NODE,SYS_TOP_NODE
SCRIPTMANAGER,SCRIPTMANAGER
SYS_SCRIPTMANAGER_NODE,SYS_SCRIPTMANAGER_NODE
Click,Forge
onClick,OxForge
Down,Pont
onDown,OxPont
onEnter,OxMetal
Exit,Mule
onExit,OxMule
onUp,OxSo
Select,Hamlin
onSelect,OxHamlin
Update,Virtue
onUpdateSelect,OxVirtueHamlin
dic,Low
Messages,Disagree
dicMessages,LowDisagree
_dicMessages,_LowDisagree
_Key,_Far
Values,Inject
_Values,_Inject
Instance,Vocation
_Instance,_Vocation
ht,An
Go,At
GoCanvasRoot,AtChurchDuke
_GoCanvasRoot,_AtChurchDuke
Tra,Kea
Scripts,Drapery
Node,York
TraUIScriptsNode,KeaUIDraperyYork
_TraUIScriptsNode,_KeaUIDraperyYork
To,Me
GoToPanel,AtMeScore
_GoToPanel,_AtMeScore
GoMaskPanel,AtMiteScore
_GoMaskPanel,_AtMiteScore
Camera,Upwind
UICamera,UIUpwind
_UICamera,_UIUpwind
Original,Dominant
Depth,Photo
OriginalUICameraDepth,DominantUIUpwindPhoto
_OriginalUICameraDepth,_DominantUIUpwindPhoto
Instatnce,Explosive
_Instatnce,_Explosive
Lauguage,Obstruct
Cache,Plain
DicLauguageCache,LogObstructCache
_DicLauguageCache,_LogObstructCache
CurrentUIType,GhostlyUIFist
_CurrentUIType,_GhostlyUIFist
button,Watery
close_button,Chain_Watery
Main,Beau
MainCanvas,BeauChurch
Forms,Truck
Paths,Sandy
DicFormsPaths,LogTruckSandy
_DicFormsPaths,_LogTruckSandy
DicALLUIForms,LogALLUITruck
_DicALLUIForms,_LogALLUITruck
Sta,Dig
StaCurrentUIForms,DigGhostlyUITruck
_StaCurrentUIForms,_DigGhostlyUITruck
DicCurrentShowUIForms,LogGhostlySinkUITruck
_DicCurrentShowUIForms,_LogGhostlySinkUITruck
Wait,Iron
WaitUIForms,IronUITruck
_WaitUIForms,_IronUITruck
Transfrom,Childhood
TraCanvasTransfrom,KeaChurchChildhood
_TraCanvasTransfrom,_KeaChurchChildhood
TraNormal,KeaDemise
_TraNormal,_KeaDemise
Fixed,Weave
TraFixed,KeaWeave
_TraFixed,_KeaWeave
TraPopUp,KeaPaySo
_TraPopUp,_KeaPaySo
_Top,_Mob
TraUIScripts,KeaUIDrapery
_TraUIScripts,_KeaUIDrapery
PanelName,ScoreClaw
PanelNameList,ScoreClawGerm
Clear,Roman
Reverse,Biology
Change,Baltic
IsClearReverseChange,HeRomanBiologyBaltic
mypageview,Electrical
rect,Rome
posList,FarGerm
Drag,Lust
isDrag,WeLust
stop,Corn
stopMove,stopHerb
Horizontal,Incidental
targetHorizontal,RainerIncidental
startDragHorizontal,LoessLustIncidental
smooting,Arboreal
sensitivity,Imaginative
Page,Rite
OnPageChange,HeRiteBaltic
currentPageIndex,SurmiseRitePeart
Cell,Wren
itemCell,PickWren
scrollRect,ManureDrop
content,Zoology
spacing,Evident
totalWidth,DutchLight
Height,Parent
totalHeight,DutchParent
visible,Deposit
visibleCount,DepositPupil
Clac,Boss
isClac,WeClac
startIndex,LoessPeart
last,Wind
lastIndex,WindPeart
itemHeight,PickParent
itemList,PickGerm
visibleList,DepositGerm
allList,OatGerm
Volmue,Hardly
EffectVolmue,PurifyHardly
Frames,Cortex
Ignore,Weapon
IgnoreTimeScale,WeaponFastSlime
Loop,Keep
currentCount,SurmisePupil
_currentCount,_SurmisePupil
lastPlayTimeCounter,WindBillFastDynasty
counter,Liberty
counter101,Liberty101
counter102,Liberty102
counter103,Liberty103
pause,Weary
pauseTimeInterstitial,WearyFastHelplessness
Package,Servant
PackageName,ServantClaw
AdjustTracker,CosmosSurpass
Ready,Xenon
AdjustTracker_Ready,CosmosSurpass_Xenon
Request,Retreat
RequestId,RetreatGo
Headers,Idyllic
OnSuccess,HeSlander
OnFail,HeChip
Retry,Ditch
RetryCount,DitchPupil
Timeout,Painful
Running,Decease
IsRunning,HeDecease
Web,Bay
WebRequest,BayRetreat
Raw,Our
RawData,OurHall
GetNetWorkGetListCount,YewMudFailYewGermPupil
GetNetWorkPostListCount,YewMudFailDaleGermPupil
Prefab,Runway
DataCount,HallPupil
Line,Gold
LineHeight,GoldParent
Stop,Plow
Moving,Combat
StopMoving,PlowCombat
Re,Me
ReStartMoving,ReAloneCombat
MovingAct,CombatAil
State,Chimp
CheckObjState,ScantGelChimp
Icon,Barn
IconUp,BarnSo
PopShow,PaySink
Hide,Weak
PopHide,PayWeak
ChangeNumber,BalticDisuse
Level,Folly
LevelUp,FollySo
Value,Their
ChangeSliderValue,BalticEmployTheir
Home,Fore
HomeShow,ForeSink
HomeHide,ForeWeak
GoldMove,NeonHerb
Best,Expo
GoldMoveBest,NeonHerbExpo
Bank,Soul
BankCashMove,SoulSuchHerb
Star,Soon
StarBoxMove,SoonPegHerb
StarBoxRewardShow,SoonPegSunlitSink
Unlock,Afloat
Con,Cap
LevelUnlockIConScale,FollyAfloatICapSlime
Bonus,Krill
Ani,Sap
DailyBonusAni,AloftKrillSap
Breathe,Captain
Jump,Tint
IconJump,BarnJump
OVOMove,OVOHerb
Scroll,Devote
HorizontalScroll,IncidentalDevote
Idle,Very
IconIdle,BarnVery
Collect,Display
CollectAni,DisplaySap
Animaiton,Amusement
FeverAnimaiton,TenthAmusement
CollectRewardAni,DisplaySunlitSap
Print,Horde
Merge,Aloud
getCameraWidth,EraUpwindLight
getCameraHeight,EraUpwindParent
World,Spite
getWorldPoint,EraSpiteHairy
Nearest,Creeper
GetNearestGameObject,YewCreeperUtahOutlet
Angle,Smite
PointToAngle,HairyMeSmite
Angle180To360,Smite180Me360
Unity,Since
Direction,Harmfully
GetUnityDirection,YewSinceHarmfully
Texture,Distort
True,Feud
Size,Burn
getTextureTrueSize,EraDistortFeudBurn
getSpriteSize,EraHumbleBurn
Touch,Urban
Position,Severity
getTouchPosition,EraUrbanSeverity
getWeightIndex,EraFrenchPeart
Random,Tanker
Sequence,Wherever
GetRandomSequence,YewTankerWherever
Dictionary,Meteoritic
StringToDictionary,CarpetMeMeteoritic
DictionaryToString,MeteoriticMeCarpet
Day,Era
Diff,Rite
DayDateDiff,DayPorkDiff
Sec,Zoo
SecDateDiff,SecPorkRite
DateDiff,PorkRite
At,Or
GetPosAtText,YewEonOrCent
Distance,Multiply
By,An
Area,Exam
DistanceByArea,MultiplyByExam
Encrypt,Kingdom
EncryptDES,KingdomDES
Decrypt,Unaided
DecryptDES,UnaidedDES
Notification,Photographer
Permission,Percussive
RequestNotificationPermission,RetreatPhotographerPercussive
Initialize,Powerfully
Notifications,Complementary
InitializeNotifications,PowerfullyComplementary
ClearNotification,RomanPhotographer
Create,Statue
CreateNotificationChannel,StatuePhotographerLegally
Send,Pool
Immediate,Successor
SendImmediateNotification,PoolSuccessorPhotographer
Schedule,Corridor
ScheduleNotification,CorridorPhotographer
InitPoolManager,TireTombWrapper
Buffer,Unlike
BufferPoolAddItem,UnlikeTombYewGate
GetObject,YewOutlet
CloseAll,PianoDot
Destroy,Diverse
DestroyAll,DiverseDot
StartAnim,AloneFair
ShowStep,SinkSuck
ShowStep2Btn,SinkSuck2Few
ShowStep3Btn,SinkSuck3Few
ShowStep4Btn,SinkSuck4Few
StartGame,AloneUtah
ShowCashMask,SinkSuchMite
CloseImg,PianoRed
ShowImg,SinkRed
ChangeNumAnim,BalticBedFair
GetNormalWinReward,YewDemiseVasSunlit
InitMulti,TireDrive
Take,Work
TakeSlot,WorkCrab
addPusherReward,GelRevealSunlit
Plinko,Needle
getPlinkoCoinCount,EraNeedleKindPupil
Auto,Send
Drop,Cord
getAutoDropAdType,EraSendCordMyFist
getSlotRewardData,EraCrabSunlitHall
showSkillWallTime,HeroCourtLakeFast
showSkillLongTime,HeroCourtFallFast
showDropCashCoinCount,HeroCordSuchKindPupil
End,Sow
bigWinEnd,LysVasEnd
feverEnd,TrashSow
getGoldCoinNum,EraNeonKindBed
getCashCoinNum,EraSuchKindBed
StopFever,PlowTenth
ReStartFeverTime,MeAloneTenthFast
ClearData,RomanHall
AddFeverBall,YewTenthLife
StartFeverTime,AloneTenthFast
CloseFeverTime,PianoTenthFast
RefreshProgress,GeneticSquirrel
InitGameData,TireUtahHall
InitNewData,TireRubHall
GetGold,YewNeon
GetCumulativeGoldCoin,YewPermanenceNeonKind
AddGold,YewNeon
GetCash,YewSuch
GetCumulativeCash,YewPermanenceSuch
AddCash,YewSuch
GetAmazon,YewEither
GetCumulativeAmazon,YewPermanenceEither
AddAmazon,YewEither
GetBall,YewLife
AddBall,YewLife
AddGem,YewTie
gameInit,HostTire
CheckSlot,ScantCrab
Restart,Zoology
GameRestart,UtahRestart
GameStop,UtahPlow
Lucky,Pesky
ShowLuckyCardPanel,SinkPeskyDeedScore
Scratch,Execute
ShowScratchCardPanel,SinkExecuteDeedScore
Jewelry,Nonstop
ShowJewelryStorePanel,SinkNonstopCaputScore
ShowSettingPanel,SinkUnclearScore
ShowNewSettingPanel,SinkRubUnclearScore
ShowMoreRewardPanel,SinkTiltSunlitScore
ShowMoreDropCoinPanel,SinkTiltCordKindScore
ShowMoreSlotPanel,SinkTiltCrabScore
Us,An
ShowRateUsPanel,SinkDivaUsScore
CloseLock,PianoOnly
ShowBigRewardPanel,SinkTinSunlitScore
ShowNormalRewardPanel,SinkDemiseSunlitScore
Roll,Soda
ShowCashRollReward,SinkSuchSodaSunlit
ShowSkillLongAct,SinkCourtFallAil
CloseSkillLongAct,PianoCourtFallAil
ShowSkillWallAct,SinkCourtLakeAil
CloseSkillWallAct,PianoCourtLakeAil
StartSkillLong,AloneCourtFall
StartSkillWall,AloneCourtLake
ShowSlotNum,SinkCrabBed
ShowCashCoinNum,SinkSuchKindBed
Timer,Scope
SkillLongTimer,CourtFallScope
SkillWallTimer,CourtLakeScope
CashCoinTimer,SuchKindScope
DropBall,CordLife
For,Rim
Apple,Yield
DropCoinForApple,CordKindForYield
Steel,Heave
AddSteelBall,YewHeaveLife
RefreshData,GeneticHall
Recover,Joinery
RecoverSteelBall,JoineryHeaveLife
RecoverSteelBallTime,JoineryHeaveLifeFast
ChangeSteelBallLock,BalticHeaveLifeOnly
creat,Stern
creatCoinPagoda,SternKindCommon
set,Lop
Block,Badge
setBlockAction,LopBadgeEnough
pushStartMove,StemAloneHerb
pushPauseMove,StemDecayHerb
pushResumeMove,StemInventHerb
pushAddLong,StemYewFall
addLongEndWaitTime,GelFallSowIronFast
setWallUp,LopLakeSo
wallUpEndWaitTime,HeedSoSowIronFast
setWallDown,LopLakePont
pushAllMove,StemDotHerb
boxStartMove,AntAloneHerb
slotBoxPauseMove,PestPegDecayHerb
slotBoxResumeMove,PestPegInventHerb
CloseSlotBox,PianoCrabPeg
One,You
PlayOneSlot,BillYouCrab
AddSlotCount,YewCrabPupil
Do,Ax
DoSlot,DoCrab
ReDoSlot,MeAxCrab
Rigidbody,Victimize
pauseRigidbody,WearyVictimize
resume,Budget
resumeRigidbody,BudgetVictimize
RefreshSlotGroup,GeneticCrabCreep
SlotStop,CrabPlow
SlotReStart,CrabMeAlone
StartSlot,AloneCrab
MoveAct,HerbAil
Bucket,Shadow
AddBucketNum,YewShadowBed
PlaySlot,BillCrab
ShowThanksPanel,SinkLaunchScore
PlaySlotMusic,BillCrabOffer
CloseSlotBG,PianoCrabBG
InitDataRandom,TireHallTanker
InitDataByData,TireHallAnHall
CreateRewardObj,StatueSunlitGel
ReInit,MeTire
InitAnim,TireFair
GetReward,YewSunlit
ClosePanel,PianoScore
Wallet,Encase
RefreshWallet,GeneticEncase
Animation,Landslide
GoldAddAnimation,NeonYewLandslide
CashAddAnimation,SuchYewLandslide
AmazonAddAnimation,EitherYewLandslide
AddAnimation,YewLandslide
CloseLuckyCardPanel,PianoPeskyDeedScore
InitLuckyCard,TirePeskyDeed
DoAct,AxAil
OpenLock,DownOnly
AddRewardMap,YewSunlitHay
ShowBonusPanel,SinkKrillScore
AddSelectList,YewHamlinGerm
This,Well
CloseThisPanel,PianoWellScore
GetSlotIndex,YewCrabPeart
Param,Chalk
GetParam,YewChalk
GetParam3,YewChalk3
CloseNormalPanel,PianoDemiseScore
light,Newly
lightStart,NewlyAlone
closePanel,ChainScore
ShowLittleBonusPanel,SinkLocaleKrillScore
ShowScratchBonus,SinkExecuteKrill
GetRandomObjNum,YewTankerGelBed
GetTargetList,YewRavageGerm
CloseScratchCardPanel,PianoExecuteDeedScore
initMulti,PealDrive
Set,Hub
SetTargetImage,HubRavageHoney
SetTargetRect,HubRavageDrop
Parameters,Proportion
UpdateTargetParameters,VirtueRavageProportion
SetTarget,HubRavage
WorldToCanvasPos,SpiteMeChurchEon
InitAudioSourceQueue,TireScentKernelPlain
Audo,Dash
AddAudioSourceForAudoMgr,YewScentKernelRimDashJaw
GetAudioComponent,YewScentReexamine
Un,To
Use,Bag
UnUseAudioComponent,UnBagScentReexamine
Bgm,Eke
setBgmCloseOneTime,LopEkePianoYouFast
Replace,Petiole
setBgmReplaceOneTime,LopEkePetioleYouFast
InitMusicMgr,TireOfferJaw
CheckUnUseAudioComponent,ScantToBagScentReexamine
SetAllEffectVolume,HubDotPurifyUnbind
PlayBgBase,BillByLast
PlayEffectBase,BillPurifyLast
PlayBg,BillBy
PlayEffect,BillPurify
remove,Arrive
removeEffectName,ArrivePurifyClaw
getVolume,EraUnbind
SetBool,HubShop
GetBool,YewShop
SetString,HubCarpet
GetString,YewCarpet
SetFloat,HubBylaw
GetFloat,YewBylaw
SetInt,HubSow
GetInt,YewSow
Array,Dense
SetIntArray,HubSowDense
GetIntArray,YewSowDense
SetFloatArray,HubBylawDense
GetFloatArray,YewBylawDense
SetStringArray,HubCarpetDense
GetStringArray,YewCarpetDense
Vector,Recess
SetVector,HubRecess
SetVector2,HubRecess2
GetVector,YewRecess
GetVector2,YewRecess2
SetVector3,HubRecess3
GetVector3,YewRecess3
Quaternion,Strawberry
SetQuaternion,HubStrawberry
GetQuaternion,YewStrawberry
SetDouble,HubIndigo
GetDouble,YewIndigo
DoUpdate,AxVirtue
Anchor,Untold
SetAnchor,HubUntold
Pivot,About
SetPivot,HubAbout
layout,Likely
layoutAction,LikelyEnough
AdjustInit,CosmosTire
SaveAdjustAdid,ToilCosmosEdge
GetAdjustAdid,YewCosmosEdge
Status,Export
GetAdjustStatus,YewCosmosExport
OldUserSet,LysTiltHub
InitAdjustData,TireCosmosHall
AddActCount,YewAilPupil
LoadAdjustOnAct,FeelCosmosHeAil
ResetActCount,NylonAilPupil
GetAdjustTime,YewCosmosFast
setAdjustAdid,LopCosmosEdge
Ads,Roe
InitializeRewardedAds,PowerfullyAppetiteRoe
LoadRewardedAd,FeelAppetiteMy
LoadInterstitial,FeelHelplessness
play,Deep
Video,Bleak
playRewardVideo,DeepSunlitBleak
playInterstitialAd,DeepHelplessnessMy
playInterstitial,DeepHelplessness
Repeat,Wander
Method,Option
RepeatMethod,WanderOption
NoThanksAddCount,WeLaunchYewPupil
PauseTimeInterstitial,DecayFastHelplessness
ResumeTimeInterstitial,InventFastHelplessness
UpdateTrialNum,VirtueLooseBed
Register,Magnetic
Callback,Gravitas
RegisterPlayCallback,MagneticBillGravitas
After,Anvil
AfterAdPlaySuccess,AnvilMyBillSlander
GetTotalAdNum,YewAgreeMyBed
Pin,Eat
Market,Square
OpenAPPinMarket,DownAPEatSquare
Remove,Midair
Country,Certain
getCountry,EraCertain
GetConfigData,YewScreamHall
Loaction,Handmade
GetLoactionData,YewHandmadeHall
SetConfigData,HubScreamHall
GameReady,UtahXenon
NetWorkTimeOut,MudFailFastWay
SendAdjustAdid,PoolCosmosEdge
CheckAdjustNetwork,ScantCosmosPredate
GetUserInfo,YewTiltHour
ReGetUserInfo,MeYewTiltHour
auto,Tire
autoMessage,autoCorrect
Para,Whig
SendNoParaEvent,PoolWeWhigBulge
send,June
sendGameProgress,JuneUtahSquirrel
SendEvent,PoolBulge
SendPost,PoolDale
endRequest,SacRetreat
Http,Kill
HttpGet,KillYew
HttpPost,KillDale
Json,Gain
HttpPostJson,KillDaleGain
Process,Pioneer
ProcessRequest,PioneerRetreat
CreateWebRequest,StatueBayRetreat
Cleanup,Rapport
CleanupRequest,RapportRetreat
Cancel,Recent
CancelRequest,RecentRetreat
Requests,Incubate
CancelAllRequests,RecentDotIncubate
Recycle,Primary
RecycleAll,PrimaryDot
CreateObjectPool,StatueOutletTomb
GetGameObject,YewUtahOutlet
RecycleGameObject,PrimaryUtahOutlet
Query,Spear
QueryPool,SpearTomb
GetInstance,YewVocation
autoCloseToast,TirePianoCedar
ShowToast,SinkCedar
Content,Destroy
setContentLayout,LopDestroyUproot
IsApple,HeYield
Online,Assist
CheckOnlineData,ScantAssistHall
GetDistance,YewMultiply
Editor,Pointe
IsEditor,HePointe
Portrait,Offering
IsPortrait,HeOffering
GetTimestamp,YewExcursion
Format,Picnic
DateTimeFormat,PorkFastPicnic
Seconds,Patriot
SecondsToDateTime,PatriotMePorkFast
SecondsFormat,PatriotPicnic
DoubleToStr,IndigoMeLap
Foe,Lop
Freely,Rodent
FoeFreely,FoeRodent
FoeFreelyFloat,LopRodentBylaw
GetWeightRandom,YewFrenchTanker
GetWeightRandomIndex,YewFrenchTankerPeart
Chance,Sacred
InChance,OnSacred
Sort,Scat
RandomSort,TankerScat
BoxTimeInterval,PegFastSmoothly
And,Rim
ResetAndStartBox,NylonAndAlonePeg
StopBox,PlowPeg
Enable,Causal
SetBoxBtnEnable,HubPegFewCausal
Disable,Kinglet
SetBoxBtnDisable,HubPegFewKinglet
RestartBox,ZoologyPeg
Fly,Raw
CreateFlyBox,StatueRawPeg
FlyPause,RawDecay
FlyResume,RawInvent
SetBtnEnable,HubFewCausal
SetBtnDisable,HubFewKinglet
PopAction,PayEnough
FlyMoveAction,RawHerbEnough
playAction,DeepEnough
CloseIconImg,PianoBarnRed
ShowIconImg,SinkBarnRed
CloseRewardImg,PianoSunlitRed
ShowRewardImg,SinkSunlitRed
CloseObj,PianoGel
InitRewardObjData,TireSunlitGelHall
InitThanksObjData,TireLaunchGelHall
Crad,Life
CradAnimation,CradLandslide
ShowTarget,SinkRavage
shootBall,FetusLife
refresh,Fresher
refreshCount,refreshPupil
dropMoreCoin,PestTiltKind
dropMoreCoinWaitTime,PestTiltKindIronFast
dropCoin,PestKind
setHaptic,LopMonoid
haptic,Fasten
hapticUnlockWaitTime,FastenAfloatIronFast
Rotate,Purify
getRotateRandom,EraRotateTanker
feverStartRefresh,TrashAloneGenetic
feverEndRefresh,TrashSowGenetic
dropBall,PestLife
DropCoin,CordKind
touchUnlockWaitTime,RelaxAfloatIronFast
pauseAllBall,WearyDotLife
resumeAllBall,BudgetDotLife
feverStartBoxRefresh,TrashAlonePegGenetic
feverEndBoxRefresh,TrashSowPegGenetic
feverStartAutoDropBall,TrashAloneSendCordLife
feverEndAutoDropBall,TrashSowSendCordLife
autoDropBallWaitTime,TireCordLifeIronFast
Many,Veil
creatManyCoin,SternVeilKind
ShowCounterText,SinkDynastyCent
ShowPauseTimeInterstitial,SinkDecayFastHelplessness
GetAppSettingMaxNumber,YewBuyUnclearVieDisuse
Analysis,Fiercely
InitAndAnalysisJson,TireRimFiercelyGain
Msg,Six
Listener,Educable
AddMsgListener,YewSixEducable
RemoveMsgListener,MidairSixEducable
ClearAllMsgListener,RomanDotSixEducable
SendMessage,PoolCorrect
Asset,Space
LoadAsset,FeelAsset
SetMaskWindow,HubMiteHugely
HideMaskWindow,WeakMiteHugely
CancelMaskWindow,RecentMiteHugely
Find,Wick
The,Rob
Child,Scope
FindTheChildNode,WickRobChildYork
GetTheChildNodeComponentScripts,YewRobScopeYorkReexamineDrapery
AddChildNodeComponent,YewScopeYorkReexamine
AddChildNodeToParentNode,YewScopeYorkMeQuenchYork
ShowText,SinkCent
InitLauguageCache,TireObstructPlain
FindChildAddComponent,WickScopeYewReexamine
Freeze,Russia
Rigister,Novelist
RigisterButtonObjectEvent,NovelistHandleOutletBulge
OpenUIForm,DownUIArid
CloseUIForm,PianoUIArid
Receive,Indulge
ReceiveMessage,IndulgeCorrect
AddPanel,YewScore
Sub,Ray
SubPanel,RayScore
Loading,Compost
InitRootCanvasLoading,TireDukeChurchCompost
ShowUIForms,SinkUITruck
Or,ID
Return,Campus
CloseOrReturnUIForms,PianoOrCampusUITruck
Next,Card
ShowNextPopUp,SinkCardPaySo
ClearWaitUIForms,RomanIronUITruck
Catch,Meter
LoadFormsToALLUIFormsCatch,FeelTruckMeALLUITruckMeter
LoadUIForm,FeelUIArid
EnterUIFormsCache,MetalUITruckPlain
ExitUIFormsCache,MuleUITruckPlain
Formst,Radium
Other,Bleak
EnterUIFormstToCacheHideOther,MetalUIRadiumMePlainWeakOther
EnterUIFormsCacheWaitClose,MetalUITruckPlainIronPiano
ExitUIFormsFromCacheAndShowOther,MuleUITruckSortPlainRimSinkBleak
PushUIForms,JuryUITruck
PopUIForms,PayUITruck
InitUIFormsPathsData,TireUITruckSandyHall
Stack,Uncle
ClearStackArray,RomanUncleDense
GetCurrentFormStack,YewGhostlyAridUncle
GetPanelByName,YewScoreAnClaw
Opening,Ontario
Panels,Maroon
GetOpeningPanels,YewOntarioMaroon
pagechange,Stonemason
SetPageIndex,HubRitePeart
SetData,HubHall
UpdateItem,VirtueGate
PopItem,PayGate
PushItem,JuryGate
AddItem,YewGate
CameraLayout,UpwindUproot
Stone,Naked
MovingStoneController,CombatNakedDelectable
OpenOrCloseObj,DownIDPianoGel
Vscroll,Cranial
UVscroll,UCranial
AnimationController,LandslideDelectable
BoxGroup,PegCreep
CustomPrint,RarityHorde
Dictionaries,Discriminate
MergeDictionaries,AloudDiscriminate
System,Mortar
GetSystemData,YewMortarHall
NotificationManager,PhotographerWrapper
PoolManager,TombWrapper
Hand,Bell
Anmi,King
HandAnmiController,BellKingDelectable
Guide,Fifth
NewUserGuideController,RubTiltFifthDelectable
NormalRewardPopController,DemiseSunlitPayDelectable
NormalSlotController,DemiseCrabDelectable
Bridge,Maraca
DataBridgeManager,HallMaracaWrapper
FeverTimeManager,TenthFastWrapper
GameDataManager,UtahHallWrapper
MainManager,BeauWrapper
NewFeverTimeManager,RubTenthFastWrapper
Panle,Prime
NormalPanleManager,DemisePrimeWrapper
RewardPanelManager,SunlitScoreWrapper
SkillManager,CourtWrapper
SteelBallManager,HeaveLifeWrapper
CoinPagodaCreater,KindCommonFinnish
Collider,Charcoal
ColliderBlock,CharcoalBadge
GetPusherCollider,YewRevealCharcoal
PusherAnimationManager,RevealLandslideWrapper
PusherSlotBoxCollider,RevealCrabPegCharcoal
RemovePusherCollider,MidairRevealCharcoal
RigidbodyPause,VictimizeDecay
UnlockPagoda,AfloatCommon
SlotManager,CrabWrapper
SlotObjController,CrabGelDelectable
SlotObjGroupController,CrabGelCreepDelectable
BigWinBonusPanel,TinVasKrillScore
GamePanel,UtahScore
Insert,Unbind
Tips,Sack
InsertTips,InsertSack
JewelryStorePanel,NonstopCaputScore
LoadingPanel,CompostScore
LuckyCardPanel,PeskyDeedScore
MoreDropCoinPanel,TiltCordKindScore
MoreRewardPanel,TiltSunlitScore
MoreSlotPanel,TiltCrabScore
Skin,Lore
NewSkinSettingPanel,RubLoreUnclearScore
NormalWinBonusPanel,DemiseVasKrillScore
RateUsPanel,DivaAnScore
ScratchCardPanel,ExecuteDeedScore
SettingPanel,UnclearScore
SlotGroup,CrabCreep
Circle,Versus
CircleMask,VersusMite
Bubble,Appeal
BubbleDataItem,AppealHallGate
Guidance,Envelope
GuidanceEventPenetrate,EnvelopeBulgeCarnation
RectMaskPanel,DropMiteScore
RectMaskPanelFirst,DropMiteScoreBloom
AudioSourceQueue,ScentKernelPlain
MusicMgr,OfferJaw
Resources,Routinely
MusicResourcesMgr,OfferRoutinelyJaw
MusicType,OfferFist
Common,Kettle
CommonConfig,KettleScream
SaveDataManager,ToilHallWrapper
Animator,Doubtful
FrameAnimator,EagerDoubtful
Archor,Powder
Tool,Rote
ArchorTool,PowderRote
AutoLayout,SendUproot
AdjustInitManager,CosmosTireWrapper
ADManager,ADWrapper
CustomData,RarityHall
Ad_CustomData,My_RarityHall
RateUsManager,DivaAnWrapper
Center,Finger
Logic,Spoil
MessageCenterLogic,CorrectFingerSpoil
MessageData,CorrectHall
CConfig,CScream
NetInfoMgr,MudHourJaw
Script,Colony
PostEventScript,DaleBulgeScript
NetWorkGetObject,MudFailYewOutlet
NetWorkManager,MudFailWrapper
Task,Care
RequestTask,RetreatCare
NetWorkPostObject,MudFailDaleOutlet
ObjectPool,OutletTomb
ObjectPoolManager,OutletTombWrapper
Mono,Expo
Singleton,Weightily
MonoSingleton,MonoWeightily
ToastManager,CedarWrapper
View,Sell
ScrollViewContentLayout,DevoteSellDestroyUproot
Util,Sure
CommonUtil,KettleSure
DateUtil,PorkSure
NumberUtil,DisuseSure
RandomUtil,TankerSure
StringUtil,CarpetSure
FlyBoxController,RawPegDelectable
FlyScript,RawColony
PlayImageAnimation,BillHoneyLandslide
JewelryObjController,NonstopGelDelectable
LuckyCardController,PeskyDeedDelectable
ScratchObjController,ExecuteGelDelectable
BallCreater,LifeFinnish
Column,Iodine
ColumnManager,IodineWrapper
Cubeitem,Lifelike
PlinkoCoinCreater,NeedleKindFinnish
PlinkoManager,NeedleWrapper
AdjustTestPanel,CosmosCoilScore
AdManagerTestPanel,MyWrapperCoilScore
ConfigManagerByJson,ScreamWrapperAnGain
KeyValuesInfo,FarInjectHour
KeyValuesNode,FarInjectYork
Sys,She
Define,Rancho
SysDefine,SheDefine
Trigger,Overlap
EventTriggerListener,BulgeOverlapEducable
MessageCenter,CorrectFinger
KeyValuesUpdate,FarInjectVirtue
Anlysis,Wartime
Exception,Northeast
JsonAnlysisException,GainWartimeNortheast
ResourcesMgr,RoutinelyJaw
UIMaskMgr,UIMiteJaw
Helper,Canyon
UnityHelper,SinceCanyon
LauguageMgr,ObstructJaw
BaseUIForms,LastUITruck
UIManager,UIWrapper
UIType,UIFist
Control,Blubber
MaskControl,MiteBlubber
PageView,RiteSell
ScrollView,DevoteSell
adf,Bus
d,d
be,Or
aefa,Love
ead,Fix
adf563d3be294aefa770634530d12ead,Bus563d3Or294Love770634530d12Fix
Arrow_1,Harem_1
diego,Rumen
silva,Lotus
stylizedbrick,Misunderstand
diego-silva-stylizedbrick-01,Rumen-Lotus-Misunderstand-01
icon,Lamp
magic,Print
orb,Can
magic_orb2,Print_Can2
Matcao,Monroe
Matcao1,Monroe1
Matcao2,Monroe2
Matcao3,Monroe3
Matcao4,Monroe4
Mat,Lop
Cap,Aid
MatCap,LopAid
MatCap_1,LopAid_1
matcap,Damper
crystal,Dialect
matcap_crystal2,Damper_Dialect2
glass,Blaze
matcap_glass,Damper_Blaze
slotBG,PestBG
slotBG_1,PestBG_1
slotBG_2,PestBG_2
slotBG_3,PestBG_3
slotBG_4,PestBG_4
slotBG_5,PestBG_5
Tex_1,Ail_1
Tex_11,Ail_11
Tex_12,Ail_12
Tex_13,Ail_13
Tex_14,Ail_14
Tex_15,Ail_15
Tex_16,Ail_16
Tex_17,Ail_17
Tex_18,Ail_18
Tex_19,Ail_19
Tex_2,Ail_2
Tex_3,Ail_3
Tex_4,Ail_4
Tex_5,Ail_5
Tex_6,Ail_6
Tex_7,Ail_7
Tex_9,Ail_9
Tex_Cash_1,Ail_Such_1
Tex_Cash_10,Ail_Such_10
Tex_Cash_100,Ail_Such_100
Tex_Cash_200,Ail_Such_200
Tex_Cash_5,Ail_Such_5
Tex_Cash_50,Ail_Such_50
Tex_Cash_500,Ail_Such_500
Tex_Gold,Ail_Neon
Tex_Gold_1,Ail_Neon_1
Tex_Gold_10,Ail_Neon_10
Tex_Gold_100,Ail_Neon_100
Tex_Gold_200,Ail_Neon_200
Tex_Gold_5,Ail_Neon_5
Tex_Gold_50,Ail_Neon_50
Tex_Gold_500,Ail_Neon_500
NewSkinCoin,RubLoreKind
Tex_NewSkinCoin,Ail_RubLoreKind
UI,UI
UI_Btn,UI_Few
Buy,Law
BuyCoinBG,LawKindBG
UI_BuyCoinBG,UI_LawKindBG
UI_Coin,UI_Kind
UI_BG_1,UI_BG_1
UI_BG_2,UI_BG_2
UI_BG_3,UI_BG_3
UI_BG_4,UI_BG_4
green,Squat
l,l
UI_Btn_green_l,UI_Few_Squat_l
UI_Btn_green_m,UI_Few_Squat_m
s,s
UI_Btn_green_s,UI_Few_Squat_s
UI_Btn_yellow_l,UI_Few_Slider_l
UI_Btn_yellow_m,UI_Few_Slider_m
UI_Btn_yellow_s,UI_Few_Slider_s
CloseBtn,PianoFew
UI_CloseBtn,UI_PianoFew
UI_Hand,UI_Bell
Movie,Worth
UI_Movie,UI_Worth
feverFX,TrashFX
feverFX_1,TrashFX_1
feverFX_2,TrashFX_2
feverFX_3,TrashFX_3
feverFX_4,TrashFX_4
feverFX_5,TrashFX_5
feverFX_6,TrashFX_6
feverFX_7,TrashFX_7
feverFX_8,TrashFX_8
feverFX_9,TrashFX_9
fever_1,Trash_1
Bubble_Open_1,Appeal_Down_1
Bubble_Open_2,Appeal_Down_2
Bubble_Open_3,Appeal_Down_3
Bubble_Open_4,Appeal_Down_4
Bubble_Open_5,Appeal_Down_5
Bubble_Open_6,Appeal_Down_6
Bubble_Open_7,Appeal_Down_7
Bubble_Open_8,Appeal_Down_8
UI_Pop,UI_Pay
PopBox,PayPeg
UI_PopBox,UI_PayPeg
Atlas,Sound
Pirate,Recipe
Atlas_Pirate,Sound_Recipe
cardglow,Submerge
cardglow06,Submerge06
Circle01,Versus01
Circle02,Versus02
Circle03,Versus03
Purple,French
Circle1_Purple,Versus1_French
boke,Pant
circle_boke01,Walnut_Pant01
soft,Much
circle_soft02 1,Walnut_Much02 1
circle_soft02,Walnut_Much02
circle_soft03 1,Walnut_Much03 1
circle_soft03,Walnut_Much03
Cirlce,Former
Cirlce_Purple,Former_French
cloud,Dream
cloud02,Dream02
x,x
hard,Stay
softshadow,Forerunner
cloud_2x2_hard_softshadow,Dream_2x2_Stay_Forerunner
cloud_2x2_soft,Dream_2x2_Much
confetti,Facility
dd,Ox
b,b
f,f
c,c
da,To
e,e
de,My
a,a
Ry,Or
Gu,My
TRyGu,TOrMy
fw,So
dd0b68f67c23b3da08e688e4513de21092981b992a883-4TRyGu_fw1200_3,Ox0b68f67c23b3To08e688e4513My21092981b992a883-4TOrMy_So1200_3
Effects,Octopus
Effects_Circle,Octopus_Versus
Glow,King
Effects_Glow,Octopus_King
GlowCircle,KingVersus
Effects_GlowCircle,Octopus_KingVersus
explosion,Afterlife
spritesheet,Extensively
explosion_spritesheet_3x3,Afterlife_Extensively_3x3
flare,Rocky
flare01,Rocky01
flare03,Rocky03
Flare,Aloft
Flare_Circle_Purple,Aloft_Versus_French
Flare_Horizontal_Purple,Aloft_Incidental_French
BOX,BOX
Yellow,Benign
Flare_Open_BOX_Yellow,Aloft_Down_BOX_Benign
fondo,Worth
glow,Idea
glow1,Idea1
gradient,Cenozoic
horizontal,Telescopic
gradient_horizontal 1,Cenozoic_Telescopic 1
gradient_horizontal,Cenozoic_Telescopic
vertical,Exposure
gradient_vertical,Cenozoic_Exposure
IconFX,BarnFX
Sheet,Erect
IconFX8_Sheet_Yellow,BarnFX8_Erect_Benign
Item_FX_1_Yellow 1,Gate_FX_1_Benign 1
Item_FX_2_Yellow,Gate_FX_2_Benign
Item_FX_5_Yellow,Gate_FX_5_Benign
lightray,Purplish
lightray2,Purplish2
blast,Slimy
magic_blast,Print_Slimy
line,They
magic_line,Print_They
Ray,Rim
Ray01,Rim01
ring,Lily
ring02,Lily02
sickle,Attest
sickle06 1,Attest06 1
sickle06,Attest06
sparkle,Woodlot
Spark,Brace
Spark_02,Brace_02
Spark_Purple,Brace_French
spikes,Patchy
spikes03,Patchy03
Star01,Soon01
TextureWorld,DistortSpite
T,T
VFX,VFX
Gradient,Literary
T_VFX_Gradient_01,T_VFX_Literary_01
LUT,LUT
Rainbow,Between
T_VFX_LUT_Rainbow_01,T_VFX_LUT_Between_01
Part,Wick
T_VFX_Part_01,T_VFX_Wick_01
T_VFX_Part_02,T_VFX_Wick_02
T_VFX_Part_04,T_VFX_Wick_04
Ring,Loop
T_VFX_Ring_01,T_VFX_Loop_01
T_VFX_Ring_02,T_VFX_Loop_02
T_VFX_Ring_03,T_VFX_Loop_03
T_VFX_Star_01,T_VFX_Soon_01
T_VFX_Star_02,T_VFX_Soon_02
Dengdai,Sibling
UI_Dengdai,UI_Sibling
Fx,At
FxGoldIcon,AtNeonBarn
UI_FxGoldIcon,UI_AtNeonBarn
wave,Brea
wave3,Brea3
NewSkinFeverBg,RubLoreTenthBy
NewSkinFeverIcon,RubLoreTenthBarn
Progre,Hiccup
NewSkinFeverProgre,RubLoreTenthHiccup
Am,On
UI_Am,UI_On
UI_Ball,UI_Life
UI_Cash,UI_Such
Cebian,Walrus
UI_Cebian_1,UI_Walrus_1
UI_Cebian_2,UI_Walrus_2
UI_Cebian_3,UI_Walrus_3
UI_Cebian_4,UI_Walrus_4
UI_Cebian_Coin,UI_Walrus_Kind
Di,He
UI_Cebian_Di,UI_Walrus_He
common,Butler
UI_common,UI_Butler
UI_Fever,UI_Tenth
FeverProgress,TenthSquirrel
UI_FeverProgress,UI_TenthSquirrel
FeverProgressBG,TenthSquirrelBG
UI_FeverProgressBG,UI_TenthSquirrelBG
GoldBarBG,NeonRodBG
UI_GoldBarBG,UI_NeonRodBG
UI_NewSkinCoin,UI_RubLoreKind
NewSkinStar,RubLoreSoon
UI_NewSkinStar,UI_RubLoreSoon
UI_Set,UI_Hub
SettingBtn,UnclearFew
UI_SettingBtn,UI_UnclearFew
UI_star,UI_Wolf
UI_Time,UI_Fast
TimeCash,FastSuch
UI_TimeCash,UI_FastSuch
TopBar,MobRod
UI_TopBar,UI_MobRod
Zuanshi,Cushion
Shop,Slip
ZuanshiShop,CushionSlip
UI_ZuanshiShop,UI_CushionSlip
AM,AM
UI_AM_s,UI_AM_s
UI_Cash_s,UI_Such_s
UI_Coin_s,UI_Kind_s
UI_common_d,UI_Butler_d
UI_Progress,UI_Squirrel
ProgressBG,SquirrelBG
UI_ProgressBG,UI_SquirrelBG
UI_star_s,UI_Wolf_s
Z,Z
UI_Z_1,UI_Z_1
UI_Z_2,UI_Z_2
UI_Z_3,UI_Z_3
UI_Z_5,UI_Z_5
PopBG,PayBG
UI_PopBG,UI_PayBG
UI_PopBG_1,UI_PayBG_1
loading,Logical
loadingBG,LogicalBG
UI_loadingBG,UI_LogicalBG
LoadingIcon,CompostBarn
UI_LoadingIcon,UI_CompostBarn
LoadingProgress,CompostSquirrel
UI_LoadingProgress,UI_CompostSquirrel
LoadingProgressBG,CompostSquirrelBG
UI_LoadingProgressBG,UI_CompostSquirrelBG
NewSkinLoadingBG,RubLoreCompostBG
UI_NewSkinLoadingBG,UI_RubLoreCompostBG
NewSkinLoadingProgress,RubLoreCompostSquirrel
UI_NewSkinLoadingProgress,UI_RubLoreCompostSquirrel
NewSkinLoadingProgressBG,RubLoreCompostSquirrelBG
UI_NewSkinLoadingProgressBG,UI_RubLoreCompostSquirrelBG
Title,Gamma
NewSkinTitle,RubLoreGamma
UI_NewSkinTitle,UI_RubLoreGamma
UI_Card_1,UI_Deed_1
UI_Card_2,UI_Deed_2
UI_Card_3,UI_Deed_3
UI_Card_Back,UI_Deed_Rear
Balls,Stash
UI_Balls,UI_Stash
Lao,Him
Hu,Me
Ji,At
LaoHuJi,HimMeAt
UI_LaoHuJi,UI_HimMeAt
UI_Hand_Ani_1,UI_Bell_Sap_1
UI_Hand_Ani_2,UI_Bell_Sap_2
UI_Hand_Ani_3,UI_Bell_Sap_3
UI_Hand_Ani_4,UI_Bell_Sap_4
UI_Hand_Ani_5,UI_Bell_Sap_5
UI_Hand_Ani_6,UI_Bell_Sap_6
UI_Hand_Ani_7,UI_Bell_Sap_7
UI_Hand_Ani_8,UI_Bell_Sap_8
UI_Hand_Ani_9,UI_Bell_Sap_9
NewPlayTextBG,RubBillCentBG
UI_NewPlayTextBG,UI_RubBillCentBG
UI_Off,UI_Any
UI_On,UI_He
SetIcon,HubBarn
UI_SetIcon_1,UI_HubBarn_1
UI_SetIcon_2,UI_HubBarn_2
UI_SetIcon_3,UI_HubBarn_3
SettingBG,UnclearBG
UI_SettingBG,UI_UnclearBG
LevelPopStar,FollyPaySoon
UI_LevelPopStar,UI_FollyPaySoon
LevelPopStarBG,FollyPaySoonBG
UI_LevelPopStarBG,UI_FollyPaySoonBG
CashRoll,SuchSoda
UI_CashRoll,UI_SuchSoda
n,n
UI_CashRoll_n,UI_SuchSoda_n
JL,JL
UI_JL_Am,UI_JL_On
UI_JL_Cash,UI_JL_Such
UI_JL_Cash_Star,UI_JL_Such_Soon
UI_JL_Coin,UI_JL_Kind
UI_JL_star,UI_JL_Wolf
JZ,JZ
UI_JZ_Am,UI_JZ_On
UI_JZ_Cash,UI_JZ_Such
UI_JZ_Cash_Star,UI_JZ_Such_Soon
UI_JZ_Coin,UI_JZ_Kind
bar,Vie
UI_Win_bar,UI_Vas_Vie
Guagua,Commit
UI_Guagua,UI_Commit
GuaguaAm,CommitOn
UI_GuaguaAm,UI_CommitOn
GuaguaAmZ,CommitOnZ
UI_GuaguaAmZ,UI_CommitOnZ
GuaguaCash,CommitSuch
UI_GuaguaCash,UI_CommitSuch
GuaguaCoin,CommitKind
UI_GuaguaCoin,UI_CommitKind
GuaguaP,CommitP
UI_GuaguaP,UI_CommitP
GuaguaR,CommitR
UI_GuaguaR,UI_CommitR
GuaguaStar,CommitSoon
UI_GuaguaStar,UI_CommitSoon
UI_Guagua_BG,UI_Commit_BG
UI_Guagua￥,UI_Commit￥
Gua,Cop
Quan,Rich
GuaQuan,CopRich
UI_GuaQuan,UI_CopRich
WinGuagua,VasCommit
dimian,Dining
UI_WinGuagua_dimian,UI_VasCommit_Dining
You,God
YouGuagua,GodCommit
UI_YouGuagua_dimian,UI_GodCommit_Dining
PopCardBG,PayDeedBG
UI_PopCardBG,UI_PayDeedBG
SlotCard,CrabDeed
UI_SlotCard,UI_CrabDeed
SlotPop,CrabPay
UI_SlotPop,UI_CrabPay
SlotPopBG,CrabPayBG
UI_SlotPopBG,UI_CrabPayBG
UI_7,UI_7
UI_Gold,UI_Neon
LH,LH
BigCoin,TinKind
UI_LH_BigCoin,UI_LH_TinKind
UI_Long,UI_Fall
UI_Up,UI_So
Zuan,Feel
Shi,Per
ZuanShi,FeelPer
UI_ZuanShi,UI_FeelPer
UI_ZuanShi_Blue,UI_FeelPer_Even
UI_ZuanShi_Yellow,UI_FeelPer_Benign
G,G
UI_G01,UI_G01
Pingtai,Suppose
UI_Pingtai,UI_Suppose
TopBarBall,MobRodLife
UI_TopBarBall,UI_MobRodLife
daily,Stain
Btn_green_daily,Few_Squat_Stain
DayCard,EraDeed
DayCard_1,EraDeed_1
DayCard_2,EraDeed_2
DayCard_3,EraDeed_3
DayCard_4,EraDeed_4
DayCard_5,EraDeed_5
DayCard_6,EraDeed_6
DayCard_7,EraDeed_7
ckeckout,Instinct
icon_ckeckout_1,Lamp_Instinct_1
black,Fever
icon_ckeckout_black,Lamp_Instinct_Fever
icon_gold_daily,Lamp_Slow_Stain
heart,Kenya
icon_heart_daily,Lamp_Kenya_Stain
video,Salad
icon_video_1,Lamp_Salad_1
Pop_BG_Daily,Pay_BG_Aloft
Title_daily,Gamma_Stain
LoadingLOGO,CompostLOGO
Loading_BG,Compost_BG
PB,PB
PB_Loading_1,PB_Compost_1
PB_Loading_bg,PB_Compost_So
unlock,Quench
Btn_plate_unlock,Few_Tower_Quench
Btn_setting,Few_Gazette
Btn_Skill_bg,Few_Court_So
Customer,Pinpoint
CustomerBubble,PinpointAppeal
CustomerBubble_1,PinpointAppeal_1
CustomerNumberBar,PinpointDisuseRod
customer,Champion
customer_1,Champion_1
customer_2,Champion_2
customer_3,Champion_3
customer_4,Champion_4
customer_5,Champion_5
customer_6,Champion_6
customer_7,Champion_7
food,Very
food_1,Very_1
food_2,Very_2
food_3,Very_3
food_4,Very_4
food_5,Very_5
food_6,Very_6
food_7,Very_7
food_8,Very_8
food_9,Very_9
icon_gold_m,Lamp_Slow_m
icon_heart_m,Lamp_Kenya_m
Icon_skill_1,Barn_Draft_1
Icon_skill_2,Barn_Draft_2
Icon_skill_3,Barn_Draft_3
Icon_Video_m,Barn_Bleak_m
MainGameBG,BeauUtahBG
MainGameBG_1,BeauUtahBG_1
MainUI,BeauUI
bottom,Unfold
MainUI_bottom,BeauUI_Unfold
upper,Slate
MainUI_upper,BeauUI_Slate
Sideboard,Paperback
Sideboard_1,Paperback_1
SkillNumberBar,CourtDisuseRod
Upper,Serve
UpperUI,ServeUI
UpperUI_bar_1,ServeUI_Vie_1
UpperUI_bar_2,ServeUI_Vie_2
r,r
Btn_green_r,Few_Squat_r
red,Bus
Btn_red_r,Few_Bus_r
Heart,Quest
ref,Pig
Heart_ref,Quest_Pig
icon_gold_btn,Lamp_Slow_Egg
Icon_Video_1,Barn_Bleak_1
Pop_bg_ref,Pay_So_Pig
Pop_in_ref_1,Pay_No_Pig_1
Title_ref,Gamma_Pig
Btn_green_f,Few_Squat_f
Title_Fail_1,Gamma_Chip_1
Title_Fail_2,Gamma_Chip_2
Btn_blue_s,Few_Slab_s
Btn_yellow_s,Few_Slider_s
icon_music,Lamp_Cliff
icon_sound,Lamp_Group
PopBG_Setting,PayBG_Unclear
off,Two
Switch_off,Relate_Two
Switch_on,Relate_Ox
Title_Setting,Gamma_Unclear
con,Dig
Btn_green_con,Few_Squat_Dig
icon_gold_big_1,Lamp_Slow_Lys_1
icon_heart_big_1,Lamp_Kenya_Lys_1
icon_video,Lamp_Salad
Pop_BG_con,Pay_BG_Dig
Title_con,Gamma_Dig
icon_1024,Lamp_1024
icon_512,Lamp_512
总览,总览
7日签到,7日签到
game_1,Host_1
复活,复活
失败,失败
设置,设置
过关庆祝,过关庆祝
图层 144,图层 144
组 6,组 6
x1,x1
x10,x10
x15,x15
x2,x2
x20,x20
x3,x3
x5,x5
x8,x8
Sound,Salty
SoundOff,SaltyAny
UI_SoundOff,UI_SaltyAny
SoundOn,SaltyHe
UI_SoundOn,UI_SaltyHe
Sound_PopShow,Salty_PaySink
Coins,Badge
Coins 06,Badge 06
bag,Bad
gemstone,Holocene
coin_bag_ring_gemstone_item_01,Gulf_Bad_Lily_Holocene_Pick_01
coin_bag_ring_gemstone_item_02,Gulf_Bad_Lily_Holocene_Pick_02
coin_bag_ring_gemstone_item_03,Gulf_Bad_Lily_Holocene_Pick_03
coin_bag_ring_gemstone_item_04,Gulf_Bad_Lily_Holocene_Pick_04
coin_bag_ring_gemstone_item_05,Gulf_Bad_Lily_Holocene_Pick_05
coin_bag_ring_gemstone_item_06,Gulf_Bad_Lily_Holocene_Pick_06
coin_bag_ring_gemstone_item_07,Gulf_Bad_Lily_Holocene_Pick_07
coin_bag_ring_gemstone_item_08,Gulf_Bad_Lily_Holocene_Pick_08
coin_bag_ring_gemstone_item_09,Gulf_Bad_Lily_Holocene_Pick_09
coin_bag_ring_gemstone_item_10,Gulf_Bad_Lily_Holocene_Pick_10
coin_bag_ring_gemstone_item_11,Gulf_Bad_Lily_Holocene_Pick_11
coin_bag_ring_gemstone_item_12,Gulf_Bad_Lily_Holocene_Pick_12
coin_bag_ring_gemstone_item_13,Gulf_Bad_Lily_Holocene_Pick_13
coin_bag_ring_gemstone_item_14,Gulf_Bad_Lily_Holocene_Pick_14
coin_bag_ring_gemstone_item_15,Gulf_Bad_Lily_Holocene_Pick_15
GetCoin,YewKind
Sound_BGM,Salty_BGM
bomb,Hint
sound_column_bomb,Group_Jungle_Hint
sound_column_normal,Group_Jungle_Prompt
sound_drop_ball,Group_Pest_Luce
enter,Coral
sound_enter_box,Group_Coral_Ant
getReward,EraSunlit
sound_getReward,Group_EraSunlit
setcolumn,Represent
sound_slot_setcolumn,Group_Pest_Represent
AGameWin,AUtahVas
ClickBtn,ForgeFew
Magic,Heavy
MagicSound,HeavySalty
MagicSound_PopShow,HeavySalty_PaySink
UIButton,UIHandle
MagicSound_UIButton,HeavySalty_UIHandle
Selecet,America
Pullz,Pride
UnlockPullz,AfloatPride
bgm,Yet
sound_bgm,Group_Yet
open,Yale
sound_bigwin1_open,Group_Period1_Yale
wheel,Cheep
sound_bigwin1_wheel,Group_Period1_Cheep
sound_bigwin2_open,Group_Period2_Yale
allbox,Marrow
sound_enter_allbox,Group_Coral_Marrow
sound_fever_bgm,Group_Trash_Yet
Sound_GoldCoin,Salty_NeonKind
Arm,Cab
Bandit,Easily
OneArmBandit,YouCabEasily
Sound_OneArmBandit,Salty_YouCabEasily
sound_scratch_reward,Group_Ghostly_Sierra
slotwheel,Orphanage
sound_slotwheel_rotate,Group_Orphanage_Mammal
sound_slotwheel_stop,Group_Orphanage_Corn
sound_slot_777,Group_Pest_777
sound_slot_reward,Group_Pest_Sierra
Sound_UIButton,Salty_UIHandle
HandAnim,BellFair
BaseSlotObj,LastCrabGel
BoxItem,PegGate
CashCoin,SuchKind
ColumnItem,IodineGate
FlyObj,RawGel
FX_777,FX_777
FX_Fever,FX_Tenth
FX_Group,FX_Creep
Ship,Fern
JewelryObj,NonstopGel
LightGroup,PeaceCreep
LuckyCard,PeskyDeed
NormalRewardPop,DemiseSunlitPay
PusherGroup,RevealCreep
Card_1,Deed_1
Card_2,Deed_2
CashCoin_1,SuchKind_1
CashCoin_10,SuchKind_10
CashCoin_100,SuchKind_100
CashCoin_200,SuchKind_200
CashCoin_5,SuchKind_5
CashCoin_50,SuchKind_50
CashCoin_500,SuchKind_500
GoldCoin_1,NeonKind_1
GoldCoin_10,NeonKind_10
GoldCoin_100,NeonKind_100
GoldCoin_200,NeonKind_200
GoldCoin_5,NeonKind_5
GoldCoin_50,NeonKind_50
GoldCoin_500,NeonKind_500
apple,Sleep
GoldCoin_apple,NeonKind_Sleep
RewardItem,SunlitGate
RollCash,SodaSuch
ScratchObj,ExecuteGel
SlotBG,CrabBG
SlotBG 1,CrabBG 1
CashOutPanel,SuchWayScore
NewSkinGamePanel,RubLoreUtahScore
NewSkinGetCoinPanel,RubLoreYewKindScore
IConfigManager,IScreamWrapper
Manger,Grimly
UIManger,UIGrimly
GameDict,UtahFoil

